Workbook

Sheet SHEET 2
A1: # | B1: PROVINCE | C1: NUMBER OF WARDS | D1: TOTAL NUMBER OF WARDS WITH 200 OR MORE VALID MEMBERSHIP | E1: TOTAL NUMBER OF WARDS WITH LESS THAN 200 VALID MEMBERSHIP | F1: PERCENTAGE % TOWARDS SRPA
A2: 1. | B2: Eastern Cape | C2: =Sheet1!B48 -> 710 | D2: =Sheet1!D48 -> 637 | E2: =Sheet1!E48 -> 73 | F2: =D2/C2 -> 0.8971831
A3: 2. | B3: Free State | C3: =Sheet1!B72 -> 319 | D3: =Sheet1!D72 -> 287 | E3: =Sheet1!E72 -> 32 | F3: =D3/C3 -> 0.89968652
A4: 3. | B4: Gauteng | C4: =Sheet1!B101 -> 529 | D4: =Sheet1!D101 -> 514 | E4: =Sheet1!E101 -> 15 | F4: =D4/C4 -> 0.97164461
A5: 4. | B5: KwaZulu-Natal | C5: =Sheet1!B160 -> 901 | D5: =Sheet1!D160 -> 684 | E5: =Sheet1!E160 -> 217 | F5: =D5/C5 -> 0.75915649
A6: 5. | B6: Limpopo | C6: =Sheet1!B188 -> 568 | D6: =Sheet1!D188 -> 559 | E6: =Sheet1!E188 -> 9 | F6: =D6/C6 -> 0.98415493
A7: 6. | B7: Mpumalanga | C7: =Sheet1!B209 -> 400 | D7: =Sheet1!D209 -> 387 | E7: =Sheet1!E209 -> 13 | F7: =D7/C7 -> 0.9675
A8: 7. | B8: North West | C8: =Sheet1!B230 -> 403 | D8: =Sheet1!D230 -> 382 | E8: =Sheet1!E230 -> 21 | F8: =D8/C8 -> 0.94789082
A9: 8. | B9: Northern Cape | C9: =Sheet1!B252 -> 232 | D9: =Sheet1!D252 -> 143 | E9: =Sheet1!E252 -> 89 | F9: =D9/C9 -> 0.61637931
A10: 9. | B10: Western Cape | C10: =Sheet1!B286 -> 406 | D10: =Sheet1!D286 -> 296 | E10: =Sheet1!E286 -> 110 | F10: =D10/C10 -> 0.72906404
A11: TOTAL | C11: =SUM(C2:C10) -> 4468 | D11: =SUM(D2:D10) -> 3889 | E11: =SUM(E2:E10) -> 579 | F11: =D11/C11 -> 0.87041182
A15: # | B15: PROVINCE | C15: NUMBER OF WARDS | D15: TOTAL NUMBER OF WARDS WITH 200 OR MORE VALID MEMBERSHIP | E15: TOTAL NUMBER OF WARDS WITH 150 -199 VALID MEMBERSHIP | F15: PERCENTAGE % | G15: PERCENTAGE %
A16: 1. | B16: Eastern Cape | C16: 710 | D16: 297 | E16: 109 | F16: =D16/C16 -> 0.41830986 | G16: =E16/C16 -> 0.15352113
A17: 2. | B17: Free State | C17: 319 | D17: 251 | E17: 13 | F17: =D17/C17 -> 0.78683386 | G17: =E17/C17 -> 0.040752351
A18: 3. | B18: Gauteng | C18: 529 | D18: 509 | E18: 3 | F18: =D18/C18 -> 0.96219282 | G18: =E18/C18 -> 0.0056710775
A19: 4. | B19: KwaZulu-Natal | C19: 901 | D19: 262 | E19: 113 | F19: =D19/C19 -> 0.29078801 | G19: =E19/C19 -> 0.1254162
A20: 5. | B20: Limpopo | C20: 568 | D20: 451 | E20: 43 | F20: =D20/C20 -> 0.79401408 | G20: =E20/C20 -> 0.075704225
A21: 6. | B21: Mpumalanga | C21: 400 | D21: 364 | E21: 12 | F21: =D21/C21 -> 0.91 | G21: =E21/C21 -> 0.03
A22: 7. | B22: North West | C22: 403 | D22: 275 | E22: 39 | F22: =D22/C22 -> 0.68238213 | G22: =E22/C22 -> 0.096774194
A23: 8. | B23: Northern Cape | C23: 239 | D23: 98 | E23: 7 | F23: =D23/C23 -> 0.41004184 | G23: =E23/C23 -> 0.029288703
A24: 9. | B24: Western Cape | C24: 399 | D24: 171 | E24: 63 | F24: =D24/C24 -> 0.42857143 | G24: =E24/C24 -> 0.15789474
A25: TOTAL | C25: =SUM(C16:C24) -> 4468 | D25: =SUM(D16:D24) -> 2678 | E25: =SUM(E16:E24) -> 402 | F25: =D25/C25 -> 0.59937332 | G25: =E25/C25 -> 0.089973142

Sheet Sheet1
A1: MUNICIPALITY/ DISTRICTS | B1: NUMBER OF IEC WARDS | D1: TOTAL NUMBER OF WARDS WITH 200 OR MORE VALID MEMBERSHIP | E1: TOTAL NUMBER OF WARDS WITH LESS THAN 200 VALID MEMBERSHIP | F1: PERCENTAGE % TOWARDS BPA/BGA | G1: DEPLOYEE
A2: BUF-Duncan Village | B2: 8 | D2: 8 | E2: =B2-D2 -> 0 | F2: =D2/B2 -> 1
A3: BUF-East London | B3: 17 | D3: 16 | E3: =B3-D3 -> 1 | F3: =D3/B3 -> 0.94117647
A4: BUF-King Williams Town | B4: 13 | D4: 13 | E4: =B4-D4 -> 0 | F4: =D4/B4 -> 1
A5: BUF-Mdantsane | B5: 12 | D5: 12 | E5: =B5-D5 -> 0 | F5: =D5/B5 -> 1
A6: TOTAL | B6: =SUM(B2:B5) -> 50 | D6: =SUM(D2:D5) -> 49 | E6: =SUM(E2:E5) -> 1 | F6: =D6/B6 -> 0.98
A7: Dr. Beyers Naude / Blue Crane Route | B7: 12 + 6 = 18 | C7: 18 | D7: 4 | E7: =C7-D7 -> 14 | F7: =D7/C7 -> 0.22222222
A8: Kouga / Kou-Kamma | B8: 15 + 6 = 21 | C8: 21 | D8: 2 | E8: =C8-D8 -> 19 | F8: =D8/C8 -> 0.095238095
A9: Makana | B9: 14 | D9: 14 | E9: =B9-D9 -> 0 | F9: =D9/B9 -> 1
A10: Ndlambe | B10: 10 | D10: 8 | E10: =B10-D10 -> 2 | F10: 0.9
A11: Sundays River Valley | B11: 8 | D11: 2 | E11: =B11-D11 -> 6 | F11: =D11/B11 -> 0.25
A12: TOTAL | B12: =14+10+8+18+21 -> 71 | D12: =SUM(D7:D11) -> 30 | E12: =SUM(E7:E11) -> 41 | F12: =D12/B12 -> 0.42253521
A13: Amahlathi / Great Kei | B13: 15 + 7 = 22 | C13: 22 | D13: 22 | E13: =C13-D13 -> 0 | F13: =D13/C13 -> 1
A14: Mbashe | B14: 32 | D14: 29 | E14: =B14-D14 -> 3 | F14: =D14/B14 -> 0.90625
A15: Mnquma | B15: 32 | D15: 32 | E15: =B15-D15 -> 0 | F15: =D15/B15 -> 1
A16: Ngqushwa | B16: 12 | D16: 12 | E16: =B16-D16 -> 0 | F16: =D16/B16 -> 1
A17: Raymond Mhlaba | B17: 23 | D17: 21 | E17: =B17-D17 -> 2 | F17: =D17/B17 -> 0.91304348
A18: TOTAL | B18: =22+32+32+12+23 -> 121 | D18: =SUM(D13:D17) -> 116 | E18: =SUM(E13:E17) -> 5 | F18: =D18/B18 -> 0.95867769
A19: Inxuba Yethemba | B19: 9 | D19: 9 | E19: =B19-D19 -> 0 | F19: =D19/B19 -> 1
A20: Intsika Yethu | B20: 21 | D20: 20 | E20: =B20-D20 -> 1 | F20: =D20/B20 -> 0.95238095
A21: Emalahleni | B21: 17 | D21: 16 | E21: =B21-D21 -> 1 | F21: =D21/B21 -> 0.94117647
A22: Dr AB Xuma | B22: 20 | D22: 19 | E22: =B22-D22 -> 1 | F22: =D22/B22 -> 0.95
A23: Sakhisizwe | B23: 9 | D23: 7 | E23: =B23-D23 -> 2 | F23: =D23/B23 -> 0.77777778
A24: Enoch Mgijima | B24: 34 | D24: 34 | E24: =B24-D24 -> 0 | F24: =D24/B24 -> 1
A25: TOTAL | B25: =SUM(B19:B24) -> 110 | D25: =SUM(D19:D24) -> 105 | E25: =SUM(E19:E24) -> 5 | F25: =D25/B25 -> 0.95454545
A26: Elundini | B26: 17 | D26: 5 | E26: =B26-D26 -> 12 | F26: =D26/B26 -> 0.29411765
A27: Senqu | B27: 17 | D27: 17 | E27: =B27-D27 -> 0 | F27: =D27/B27 -> 1
A28: Walter Sisulu | B28: 11 | D28: 11 | E28: =B28-D28 -> 0 | F28: =D28/B28 -> 1
A29: TOTAL | B29: =SUM(B26:B28) -> 45 | D29: =SUM(D26:D28) -> 33 | E29: =SUM(E26:E28) -> 12 | F29: =D29/B29 -> 0.73333333
A30: Ngquza Hill | B30: 32 | D30: 32 | E30: =B30-D30 -> 0 | F30: =D30/B30 -> 1
A31: Port St Johns | B31: 20 | D31: 18 | E31: =B31-D31 -> 2 | F31: =D31/B31 -> 0.9
A32: Mhlontlo | B32: 26 | D32: 26 | E32: =B32-D32 -> 0 | F32: =D32/B32 -> 1
A33: King Sabata Dalindyebo | B33: 37 | D33: 37 | E33: =B33-D33 -> 0 | F33: =D33/B33 -> 1
A34: Nyandeni | B34: 32 | D34: 29 | E34: =B34-D34 -> 3 | F34: =D34/B34 -> 0.90625
A35: TOTAL | B35: =SUM(B30:B34) -> 147 | D35: =SUM(D30:D34) -> 142 | E35: =SUM(E30:E34) -> 5 | F35: =D35/B35 -> 0.96598639
A36: Matatiele | B36: 27 | D36: 26 | E36: =B36-D36 -> 1 | F36: =D36/B36 -> 0.96296296
A37: Umzimvubu | B37: 28 | D37: 28 | E37: =B37-D37 -> 0 | F37: =D37/B37 -> 1
A38: Winnie Madikizela Mandela | B38: 32 | D38: 30 | E38: =B38-D38 -> 2 | F38: =D38/B38 -> 0.9375
A39: Ntabankulu | B39: 19 | D39: 18 | E39: =B39-D39 -> 1 | F39: =D39/B39 -> 0.94736842
A40: TOTAL | B40: =SUM(B36:B39) -> 106 | D40: =SUM(D36:D39) -> 102 | E40: =SUM(E36:E39) -> 4 | F40: =D40/B40 -> 0.96226415
A41: NMA-Alex Matikanca | B41: 9 | D41: 9 | E41: =B41-D41 -> 0 | F41: =D41/B41 -> 1
A42: NMA-Champion Galela | B42: 9 | D42: 9 | E42: =B42-D42 -> 0 | F42: =D42/B42 -> 1
A43: NMA-Govan Mbeki | B43: 10 | D43: 10 | E43: =B43-D43 -> 0 | F43: =D43/B43 -> 1
A44: NMA-Molly Blackburn | B44: 11 | D44: 11 | E44: =B44-D44 -> 0 | F44: =D44/B44 -> 1
A45: NMA-Zoli Nqini | B45: 11 | D45: 11 | E45: =B45-D45 -> 0 | F45: =D45/B45 -> 1
A46: NMA-Lillian Diedericks | B46: 10 | D46: 10 | E46: =B46-D46 -> 0 | F46: =D46/B46 -> 1
A47: TOTAL | B47: =SUM(B41:B46) -> 60 | D47: =SUM(D41:D46) -> 60 | E47: =SUM(E41:E46) -> 0 | F47: =D47/B47 -> 1
A48: EASTERN CAPE | B48: =SUM(B6,B12,B18,B25,B29,B35,B40,B47) -> 710 | D48: =SUM(D6,D12,D18,D25,D29,D35,D40,D47) -> 637 | E48: =B48-D48 -> 73 | F48: =D48/B48 -> 0.8971831
A49: Letsemeng / Mohokare | B49: 7 + 7 = 14 | C49: 14 | D49: 13 | E49: =C49-D49 -> 1 | F49: =D49/C49 -> 0.92857143
A50: Kopanong | B50: 9 | D50: 8 | E50: =B50-D50 -> 1 | F50: 0.9
A51: TOTAL | B51: =14+9 -> 23 | D51: =SUM(D49:D50) -> 21 | E51: =SUM(E49:E50) -> 2 | F51: =D51/B51 -> 0.91304348
A52: Nala | B52: 12 | D52: 11 | E52: =B52-D52 -> 1 | F52: =D52/B52 -> 0.91666667
A53: Matjhabeng | B53: 36 | D53: 33 | E53: =B53-D53 -> 3 | F53: =D53/B53 -> 0.91666667
A54: Tswelopele / Tokologo | B54: 9 + 7 = 16 | C54: 16 | D54: 14 | E54: =C54-D54 -> 2 | F54: 0.9
A55: Masilonyana | B55: 10 | D55: 9 | E55: =B55-D55 -> 1 | F55: =D55/B55 -> 0.9
A56: TOTAL | B56: =12+36+16+10 -> 74 | D56: =SUM(D52:D55) -> 67 | E56: =SUM(E52:E55) -> 7 | F56: =D56/B56 -> 0.90540541
A57: Mantsopa | B57: 9 | D57: 8 | E57: =B57-D57 -> 1 | F57: =92% -> 0.92
A58: Setsoto | B58: 17 | D58: 15 | E58: =B58-D58 -> 2 | F58: 0.9
A59: Phumelela | B59: 8 | D59: 8 | E59: =B59-D59 -> 0 | F59: 0.9
A60: Maluti-a-phofung | B60: 35 | D60: 32 | E60: =B60-D60 -> 3 | F60: =D60/B60 -> 0.91428571
A61: Nketoana | B61: 9 | D61: 8 | E61: =B61-D61 -> 1 | F61: 0.9
A62: Dihlabeng | B62: 20 | D62: 15 | E62: =B62-D62 -> 5 | F62: 0.9
A63: TOTAL | B63: =SUM(B57:B62) -> 98 | D63: =SUM(D57:D62) -> 86 | E63: =SUM(E57:E62) -> 12 | F63: =D63/B63 -> 0.87755102
A64: Moqhaka | B64: 22 | D64: 17 | E64: =B64-D64 -> 5 | F64: 0.9
A65: Mafube | B65: 9 | D65: 9 | E65: =B65-D65 -> 0 | F65: =D65/B65 -> 1
A66: Metsimaholo | B66: 23 | D66: 21 | E66: =B66-D66 -> 2 | F66: =D66/B66 -> 0.91304348
A67: Ngwathe | B67: 19 | D67: 17 | E67: =B67-D67 -> 2 | F67: 0.9
A68: TOTAL | B68: =SUM(B64:B67) -> 73 | D68: =SUM(D64:D67) -> 64 | E68: =SUM(E64:E67) -> 9 | F68: =D68/B68 -> 0.87671233
A69: MAN-Bloemfontein | B69: 32 | D69: 30 | E69: =B69-D69 -> 2 | F69: =D69/B69 -> 0.9375
A70: MAN-Botshabelo / MAN-Thaba Nchu / MAN-Naledi | B70: 12+5+2 = 19 | C70: 19 | D70: 19 | E70: =C70-D70 -> 0 | F70: =D70/C70 -> 1
A71: TOTAL | B71: =32+19 -> 51 | D71: =SUM(D69:D70) -> 49 | E71: =SUM(E69:E70) -> 2 | F71: =D71/B71 -> 0.96078431
A72: FREE STATE | B72: =SUM(B51,B56,B63,B68,B71) -> 319 | D72: =SUM(D51,D56,D63,D68,D71) -> 287 | E72: =B72-D72 -> 32 | F72: =D72/B72 -> 0.89968652
A73: Midvaal | B73: 15 | D73: 14 | E73: =B73-D73 -> 1 | F73: =D73/B73 -> 0.93333333
A74: Emfuleni | B74: 45 | D74: 44 | E74: =B74-D74 -> 1 | F74: =D74/B74 -> 0.97777778
A75: Lesedi | B75: 13 | D75: 13 | E75: =B75-D75 -> 0 | F75: =D75/B75 -> 1
A76: TOTAL | B76: =SUM(B73:B75) -> 73 | D76: =SUM(D73:D75) -> 71 | E76: =SUM(E73:E75) -> 2 | F76: =D76/B76 -> 0.97260274
A77: Rand West | B77: 35 | D77: 34 | E77: =B77-D77 -> 1 | F77: =D77/B77 -> 0.97142857
A78: Merafong City | B78: 28 | D78: 28 | E78: =B78-D78 -> 0 | F78: =D78/B78 -> 1
A79: Mogale City | B79: 39 | D79: 35 | E79: =B79-D79 -> 4 | F79: =D79/B79 -> 0.8974359
A80: TOTAL | B80: =SUM(B77:B79) -> 102 | D80: =SUM(D77:D79) -> 97 | E80: =SUM(E77:E79) -> 5 | F80: =D80/B80 -> 0.95098039
A81: EKU – Central | B81: 12 | D81: 11 | E81: =B81-D81 -> 1 | F81: =D81/B81 -> 0.91666667
A82: EKU – East | B82: 19 | D82: 17 | E82: =B82-D82 -> 2 | F82: =90% -> 0.9
A83: EKU - Far East | B83: 21 | D83: 20 | E83: =B83-D83 -> 1 | F83: =D83/B83 -> 0.95238095
A84: EKU – North | B84: 26 | D84: 26 | E84: =B84-D84 -> 0 | F84: =D84/B84 -> 1
A85: EKU – South | B85: 34 | D85: 33 | E85: =B85-D85 -> 1 | F85: =D85/B85 -> 0.97058824
A86: TOTAL | B86: =SUM(B81:B85) -> 112 | D86: =SUM(D81:D85) -> 107 | E86: =SUM(E81:E85) -> 5 | F86: =D86/B86 -> 0.95535714
A87: JHB – A | B87: 15 | D87: 15 | E87: =B87-D87 -> 0 | F87: =D87/B87 -> 1
A88: JHB – B | B88: 12 | D88: 12 | E88: =B88-D88 -> 0 | F88: =D88/B88 -> 1
A89: JHB – C | B89: 18 | D89: 18 | E89: =B89-D89 -> 0 | F89: =D89/B89 -> 1
A90: JHB – D | B90: 38 | D90: 38 | E90: =B90-D90 -> 0 | F90: =D90/B90 -> 1
A91: JHB – E | B91: 16 | D91: 16 | E91: =B91-D91 -> 0 | F91: =D91/B91 -> 1
A92: JHB – F | B92: 19 | D92: 19 | E92: =B92-D92 -> 0 | F92: =D92/B92 -> 1
A93: JHB – G | B93: 17 | D93: 17 | E93: =B93-D93 -> 0 | F93: =D93/B93 -> 1
A94: TOTAL | B94: =SUM(B87:B93) -> 135 | D94: =SUM(D87:D93) -> 135 | E94: =SUM(E87:E93) -> 0 | F94: =D94/B94 -> 1
A95: TSH – 1 | B95: 28 | D95: 28 | E95: =B95-D95 -> 0 | F95: =D95/B95 -> 1
A96: TSH – 2 | B96: 12 | D96: 12 | E96: =B96-D96 -> 0 | F96: =D96/B96 -> 1
A97: TSH – 3 | B97: 24 | D97: 24 | E97: =B97-D97 -> 0 | F97: =D97/B97 -> 1
A98: TSH – 4 | B98: 12 | D98: 11 | E98: =B98-D98 -> 1 | F98: =D98/B98 -> 0.91666667
A99: TSH - 5 / TSH – 6 | B99: 26 + 5 = 31 | C99: 31 | D99: 29 | E99: =C99-D99 -> 2 | F99: =D99/C99 -> 0.93548387
A100: TOTAL | B100: =SUM(B95:B98)+31 -> 107 | D100: =SUM(D95:D99) -> 104 | E100: =SUM(E95:E99) -> 3 | F100: =D100/B100 -> 0.97196262
...
