Workbook

Sheet Sheet4
A1: MUNICIPALITY | B1: NUMBER OF IEC WARDS | D1: NUMBER OF BRANCHES CONVENED | E1: NUMBER OF BRANCHES NOT CONVENED | F1: NUMBER OF BRANCHES PASSED AUDIT | G1: NUMBER OF BRANCHES FAILED AUDIT | H1: PERCENTAGE % TOWARDS 1ST SRPA
A2: Matatiele | B2: 27 | D2: =F2+G2 | E2: =B2-D2 | F2: 9 | G2: 0 | H2: =F2/B2
A3: Mbizana | B3: 32 | D3: =F3+G3 | E3: =B3-D3 | F3: 3 | G3: 0 | H3: =F3/B3
A4: Ntabankulu | B4: 19 | D4: =F4+G4 | E4: =B4-D4 | F4: 4 | G4: 0 | H4: =F4/B4
A5: Umzimvubu | B5: 28 | D5: =F5+G5 | E5: =B5-D5 | F5: 8 | G5: 0 | H5: =F5/B5
A6: TOTAL | B6: =SUM(B2:B5) | D6: =SUM(D2:D5) | E6: =SUM(E2:E5) | F6: =SUM(F2:F5) | G6: =SUM(G2:G5) | H6: =F6/B6
A7: Amahlathi / Great Kei | B7: 15 + 7 = 22 | C7: 22 | D7: =F7+G7 | E7: =C7-D7 | F7: 3 | G7: 0 | H7: =F7/C7
A8: Mbhashe | B8: 32 | D8: =F8+G8 | E8: =B8-D8 | F8: 6 | G8: 0 | H8: =F8/B8
A9: Mnquma | B9: 32 | D9: =F9+G9 | E9: =B9-D9 | F9: 4 | G9: 0 | H9: =F9/B9
A10: Ngqushwa | B10: 12 | D10: =F10+G10 | E10: =B10-D10 | F10: 2 | G10: 0 | H10: =F10/B10
A11: Raymond Mhlaba | B11: 23 | D11: =F11+G11 | E11: =B11-D11 | F11: 4 | G11: 0 | H11: =F11/B11
A12: TOTAL | B12: =SUM(B7:B11) | D12: =SUM(D7:D11) | E12: =SUM(E7:E11) | F12: =SUM(F7:F11) | G12: =SUM(G7:G11) | H12: =F12/B12
A13: BUF - East London | B13: 17 | D13: =F13+G13 | E13: =B13-D13 | F13: 13 | G13: 0 | H13: =F13/B13
A14: BUF - King Williams Town | B14: 13 | D14: =F14+G14 | E14: =B14-D14 | F14: 6 | G14: 0 | H14: =F14/B14
A15: BUF - Mdantsane | B15: 12 | D15: =F15+G15 | E15: =B15-D15 | F15: 11 | G15: 0 | H15: =F15/B15
A16: BUF-Duncan Village | B16: 8 | D16: =F16+G16 | E16: =B16-D16 | F16: 3 | G16: 0 | H16: =F16/B16
A17: TOTAL | B17: =SUM(B13:B16) | D17: =SUM(D13:D16) | E17: =SUM(E13:E16) | F17: =SUM(F13:F16) | G17: =SUM(G13:G16) | H17: =F17/B17
A18: Emalahleni | B18: 17 | D18: =F18+G18 | E18: =B18-D18 | F18: 1 | G18: 0 | H18: =F18/B18
A19: Engcobo | B19: 20 | D19: =F19+G19 | E19: =B19-D19 | F19: 1 | G19: 0 | H19: =F19/B19
A20: Enoch Mgijima | B20: 34 | D20: =F20+G20 | E20: =B20-D20 | F20: 5 | G20: 0 | H20: =F20/B20
A21: Intsika Yethu | B21: 21 | D21: =F21+G21 | E21: =B21-D21 | F21: 4 | G21: 0 | H21: =F21/B21
A22: Inxuba Yethemba | B22: 9 | D22: =F22+G22 | E22: =B22-D22 | F22: 0 | G22: 0 | H22: =F22/B22
A23: Sakhisizwe | B23: 9 | D23: =F23+G23 | E23: =B23-D23 | F23: 1 | G23: 0 | H23: =F23/B23
A24: TOTAL | B24: =SUM(B18:B23) | D24: =SUM(D18:D23) | E24: =SUM(E18:E23) | F24: =SUM(F18:F23) | G24: =SUM(G18:G23) | H24: =F24/B24
A25: Elundini | B25: 17 | D25: =F25+G25 | E25: =B25-D25 | F25: 1 | G25: 0 | H25: =F25/B25
A26: Senqu | B26: 17 | D26: =F26+G26 | E26: =B26-D26 | F26: 3 | G26: 0 | H26: =F26/B26
A27: Walter Sisulu | B27: 11 | D27: =F27+G27 | E27: =B27-D27 | F27: 3 | G27: 0 | H27: =F27/B27
A28: TOTAL | B28: =SUM(B25:B27) | D28: =SUM(D25:D27) | E28: =SUM(E25:E27) | F28: =SUM(F25:F27) | G28: =SUM(G25:G27) | H28: =F28/B28
A29: NMA - Champion Galela | B29: 9 | D29: =F29+G29 | E29: =B29-D29 | F29: 8 | G29: 0 | H29: =F29/B29
A30: NMA - Govan Mbeki | B30: 10 | D30: =F30+G30 | E30: =B30-D30 | F30: 6 | G30: 0 | H30: =F30/B30
A31: NMA - Lillian Diedericks | B31: 10 | D31: =F31+G31 | E31: =B31-D31 | F31: 3 | G31: 0 | H31: =F31/B31
A32: NMA - Molly Blackburn | B32: 11 | D32: =F32+G32 | E32: =B32-D32 | F32: 5 | G32: 0 | H32: =F32/B32
A33: NMA - Zola Nqini | B33: 11 | D33: =F33+G33 | E33: =B33-D33 | F33: 6 | G33: 0 | H33: =F33/B33
A34: NMA-Alex Matikama | B34: 8 | D34: =F34+G34 | E34: =B34-D34 | F34: 5 | G34: 0 | H34: =F34/B34
A35: NMA-Alex Matikanca | B35: 1 | D35: =F35+G35 | E35: =B35-D35 | F35: 1 | G35: 0 | H35: =F35/B35
A36: TOTAL | B36: =SUM(B29:B35) | D36: =SUM(D29:D35) | E36: =SUM(E29:E35) | F36: =SUM(F29:F35) | G36: =SUM(G29:G35) | H36: =F36/B36
A37: Ingquza Hill | B37: 32 | D37: =F37+G37 | E37: =B37-D37 | F37: 7 | G37: 0 | H37: =F37/B37
A38: King Sabata Dalindyebo | B38: 37 | D38: =F38+G38 | E38: =B38-D38 | F38: 12 | G38: 0 | H38: =F38/B38
A39: Mhlontlo | B39: 26 | D39: =F39+G39 | E39: =B39-D39 | F39: 6 | G39: 0 | H39: =F39/B39
A40: Nyandeni | B40: 32 | D40: =F40+G40 | E40: =B40-D40 | F40: 20 | G40: 0 | H40: =F40/B40
A41: Port St Johns | B41: 20 | D41: =F41+G41 | E41: =B41-D41 | F41: 8 | G41: 0 | H41: =F41/B41
A42: TOTAL | B42: =SUM(B37:B41) | D42: =SUM(D37:D41) | E42: =SUM(E37:E41) | F42: =SUM(F37:F41) | G42: =SUM(G37:G41) | H42: =F42/B42
A43: Dr. Beyers Naude / Blue Crane Route | B43: 12 + 6 = 18 | C43: 18 | D43: =F43+G43 | E43: =C43-D43 | F43: 1 | G43: 0 | H43: =F43/C43
A44: Kouga / Kou-Kamma | B44: 15 + 6 = 21 | C44: 21 | D44: =F44+G44 | E44: =C44-D44 | F44: 1 | G44: 0 | H44: =F44/C44
A45: Makana | B45: 14 | D45: =F45+G45 | E45: =B45-D45 | F45: 3 | G45: 0 | H45: =F45/B45
A46: Ndlambe | B46: 10 | D46: =F46+G46 | E46: =B46-D46 | F46: 1 | G46: 0 | H46: =F46/B46
A47: Sundays River Valley | B47: 8 | D47: =F47+G47 | E47: =B47-D47 | F47: 2 | G47: 0 | H47: =F47/B47
A48: TOTAL | B48: =SUM(B43:B47) | D48: =SUM(D43:D47) | E48: =SUM(E43:E47) | F48: =SUM(F43:F47) | G48: =SUM(G43:G47) | H48: =F48/B48
A49: EASTERN CAPE | B49: =SUM(B6,B12,B17,B24,B28,B36,B42,B48) | D49: =SUM(D6,D12,D17,D24,D28,D36,D42,D48) | E49: =SUM(E6,E12,E17,E24,E28,E36,E42,E48) | F49: =SUM(F6,F12,F17,F24,F28,F36,F42,F48) | G49: =SUM(G6,G12,G17,G24,G28,G36,G42,G48) | H49: =F49/B49
A50: Mafube | B50: 9 | D50: =F50+G50 | E50: =B50-D50 | F50: 1 | G50: 0 | H50: =F50/B50
A51: Metsimaholo | B51: 23 | D51: =F51+G51 | E51: =B51-D51 | F51: 13 | G51: 0 | H51: =F51/B51
A52: Moqhaka | B52: 22 | D52: =F52+G52 | E52: =B52-D52 | F52: 6 | G52: 0 | H52: =F52/B52
A53: Ngwathe | B53: 19 | D53: =F53+G53 | E53: =B53-D53 | F53: 2 | G53: 0 | H53: =F53/B53
A54: TOTAL | B54: =SUM(B50:B53) | D54: =SUM(D50:D53) | E54: =SUM(E50:E53) | F54: =SUM(F50:F53) | G54: =SUM(G50:G53) | H54: =F54/B54
A55: Masilonyana | B55: 10 | D55: =F55+G55 | E55: =B55-D55 | F55: 2 | G55: 0 | H55: =F55/B55
A56: Matjhabeng | B56: 36 | D56: =F56+G56 | E56: =B56-D56 | F56: 15 | G56: 0 | H56: =F56/B56
A57: Nala | B57: 12 | D57: =F57+G57 | E57: =B57-D57 | F57: 2 | G57: 0 | H57: =F57/B57
A58: Tswelopele / Tokologo | B58: 9 + 7 = 16 | C58: 16 | D58: =F58+G58 | E58: =C58-D58 | F58: 7 | G58: 0 | H58: =F58/C58
A59: TOTAL | B59: =SUM(B55:B58) | D59: =SUM(D55:D58) | E59: =SUM(E55:E58) | F59: =SUM(F55:F58) | G59: =SUM(G55:G58) | H59: =F59/B59
A60: MAN - Bloemfontein | B60: 32 | D60: =F60+G60 | E60: =B60-D60 | F60: 15 | G60: 0 | H60: =F60/B60
A61: MAN-Botshabelo / MAN-Thaba Nchu / MAN-Naledi | B61: 12 + 5 + 2 = 19 | C61: 19 | D61: =F61+G61 | E61: =C61-D61 | F61: 7 | G61: 0 | H61: =F61/C61
A62: TOTAL | B62: =SUM(B60:B61) | D62: =SUM(D60:D61) | E62: =SUM(E60:E61) | F62: =SUM(F60:F61) | G62: =SUM(G60:G61) | H62: =F62/B62
A63: Dihlabeng | B63: 20 | D63: =F63+G63 | E63: =B63-D63 | F63: 6 | G63: 0 | H63: =F63/B63
A64: Maluti a Phofung | B64: 35 | D64: =F64+G64 | E64: =B64-D64 | F64: 14 | G64: 0 | H64: =F64/B64
A65: Mantsopa | B65: 9 | D65: =F65+G65 | E65: =B65-D65 | F65: 2 | G65: 0 | H65: =F65/B65
A66: Nketoana | B66: 9 | D66: =F66+G66 | E66: =B66-D66 | F66: 2 | G66: 0 | H66: =F66/B66
A67: Phumelela | B67: 8 | D67: =F67+G67 | E67: =B67-D67 | F67: 4 | G67: 0 | H67: =F67/B67
A68: Setsoto | B68: 17 | D68: =F68+G68 | E68: =B68-D68 | F68: 5 | G68: 0 | H68: =F68/B68
A69: TOTAL | B69: =SUM(B63:B68) | D69: =SUM(D63:D68) | E69: =SUM(E63:E68) | F69: =SUM(F63:F68) | G69: =SUM(G63:G68) | H69: =F69/B69
A70: Kopanong | B70: 9 | D70: =F70+G70 | E70: =B70-D70 | F70: 3 | G70: 0 | H70: =F70/B70
A71: Letsemeng / Mohokare | B71: 7 + 7 = 14 | C71: 14 | D71: =F71+G71 | E71: =C71-D71 | F71: 4 | G71: 0 | H71: =F71/C71
A72: TOTAL | B72: =SUM(B70:B71) | D72: =SUM(D70:D71) | E72: =SUM(E70:E71) | F72: =SUM(F70:F71) | G72: =SUM(G70:G71) | H72: =F72/B72
A73: FREE STATE | B73: =SUM(B54,B59,B62,B69,B72) | D73: =SUM(D54,D59,D62,D69,D72) | E73: =SUM(E54,E59,E62,E69,E72) | F73: =SUM(F54,F59,F62,F69,F72) | G73: =SUM(G54,G59,G62,G69,G72) | H73: =F73/B73
A74: JHB - A | B74: 15 | D74: =F74+G74 | E74: =B74-D74 | F74: 12 | G74: 0 | H74: =F74/B74
A75: JHB - B | B75: 12 | D75: =F75+G75 | E75: =B75-D75 | F75: 11 | G75: 0 | H75: =F75/B75
A76: JHB - C | B76: 18 | D76: =F76+G76 | E76: =B76-D76 | F76: 13 | G76: 0 | H76: =F76/B76
A77: JHB - D | B77: 38 | D77: =F77+G77 | E77: =B77-D77 | F77: 17 | G77: 0 | H77: =F77/B77
A78: JHB - E | B78: 16 | D78: =F78+G78 | E78: =B78-D78 | F78: 14 | G78: 0 | H78: =F78/B78
A79: JHB - F | B79: 19 | D79: =F79+G79 | E79: =B79-D79 | F79: 12 | G79: 0 | H79: =F79/B79
A80: JHB - G | B80: 17 | D80: =F80+G80 | E80: =B80-D80 | F80: 16 | G80: 0 | H80: =F80/B80
A81: TOTAL | B81: =SUM(B74:B80) | D81: =SUM(D74:D80) | E81: =SUM(E74:E80) | F81: =SUM(F74:F80) | G81: =SUM(G74:G80) | H81: =F81/B81
A82: TSH - 1 | B82: 28 | D82: =F82+G82 | E82: =B82-D82 | F82: 22 | G82: 0 | H82: =F82/B82
A83: TSH - 2 | B83: 12 | D83: =F83+G83 | E83: =B83-D83 | F83: 12 | G83: 0 | H83: =F83/B83
A84: TSH - 3 | B84: 24 | D84: =F84+G84 | E84: =B84-D84 | F84: 21 | G84: 0 | H84: =F84/B84
A85: TSH - 4 | B85: 12 | D85: =F85+G85 | E85: =B85-D85 | F85: 7 | G85: 0 | H85: =F85/B85
A86: TSH - 5 / TSH - 6 | B86: 26 + 5 = 31 | C86: 31 | D86: =F86+G86 | E86: =C86-D86 | F86: 19 | G86: 0 | H86: =F86/C86
A87: TOTAL | B87: =SUM(B82:B86) | D87: =SUM(D82:D86) | E87: =SUM(E82:E86) | F87: =SUM(F82:F86) | G87: =SUM(G82:G86) | H87: =F87/B87
A88: EKU - Central | B88: 12 | D88: =F88+G88 | E88: =B88-D88 | F88: 9 | G88: 0 | H88: =F88/B88
A89: EKU - East | B89: 19 | D89: =F89+G89 | E89: =B89-D89 | F89: 11 | G89: 0 | H89: =F89/B89
A90: EKU - Far East | B90: 21 | D90: =F90+G90 | E90: =B90-D90 | F90: 19 | G90: 0 | H90: =F90/B90
A91: EKU - North | B91: 26 | D91: =F91+G91 | E91: =B91-D91 | F91: 21 | G91: 0 | H91: =F91/B91
A92: EKU - South | B92: 34 | D92: =F92+G92 | E92: =B92-D92 | F92: 23 | G92: 0 | H92: =F92/B92
A93: TOTAL | B93: =SUM(B88:B92) | D93: =SUM(D88:D92) | E93: =SUM(E88:E92) | F93: =SUM(F88:F92) | G93: =SUM(G88:G92) | H93: =F93/B93
A94: Emfuleni | B94: 45 | D94: =F94+G94 | E94: =B94-D94 | F94: 24 | G94: 0 | H94: =F94/B94
A95: Lesedi | B95: 13 | D95: =F95+G95 | E95: =B95-D95 | F95: 2 | G95: 0 | H95: =F95/B95
A96: Midvaal | B96: 15 | D96: =F96+G96 | E96: =B96-D96 | F96: 4 | G96: 0 | H96: =F96/B96
A97: TOTAL | B97: =SUM(B94:B96) | D97: =SUM(D94:D96) | E97: =SUM(E94:E96) | F97: =SUM(F94:F96) | G97: =SUM(G94:G96) | H97: =F97/B97
A98: Merafong City | B98: 28 | D98: =F98+G98 | E98: =B98-D98 | F98: 20 | G98: 0 | H98: =F98/B98
A99: Mogale City | B99: 39 | D99: =F99+G99 | E99: =B99-D99 | F99: 25 | G99: 0 | H99: =F99/B99
A100: Rand West City | B100: 35 | D100: =F100+G100 | E100: =B100-D100 | F100: 22 | G100: 0 | H100: =F100/B100
...

Sheet Sheet1
A1: # | B1: PROVINCE | C1: NUMBER OF IEC WARDS | D1: TOTAL NUMBER OF REGISTERS ISSUED | E1: NUMBER OF BRANCHES CONVENED BPA/BGA | F1: NUMBER OF BRANCHES NOT CONVENED BPA/BGA | G1: NUMBER OF BRANCHES PASSED AUDIT | H1: NUMBER OF BRANCHES FAILED AUDIT | I1: NUMBER OF BRANCHES CURRENTLY IN AUDIT | K1: NUMBER OF BRANCHES CONVENED BPA/BGA FROM PREVIOUS WAR COUNCIL | L1: PERCENTAGE % TOWARDS 1ST SRPA
A2: 1 | B2: Eastern Cape | C2: =Sheet4!B49 | D2: 0 | E2: =Sheet4!D49 | F2: =Sheet4!E49 | G2: =Sheet4!F49 | H2: =Sheet4!G49 | I2: 0 | K2: 0 | L2: =Sheet4!H49
A3: 2 | B3: Free State | C3: =Sheet4!B73 | D3: 0 | E3: =Sheet4!D73 | F3: =Sheet4!E73 | G3: =Sheet4!F73 | H3: =Sheet4!G73 | I3: 0 | K3: 0 | L3: =Sheet4!H73
A4: 3 | B4: Gauteng | C4: =Sheet4!B102 | D4: 0 | E4: =Sheet4!D102 | F4: =Sheet4!E102 | G4: =Sheet4!F102 | H4: =Sheet4!G102 | I4: 0 | K4: 0 | L4: =Sheet4!H102
A5: 4 | B5: KwaZulu-Natal | C5: =Sheet4!B161 | D5: 0 | E5: =Sheet4!D161 | F5: =Sheet4!E161 | G5: =Sheet4!F161 | H5: =Sheet4!G161 | I5: 0 | K5: 0 | L5: =Sheet4!H161
A6: 5 | B6: Limpopo | C6: =Sheet4!B189 | D6: 0 | E6: =Sheet4!D189 | F6: =Sheet4!E189 | G6: =Sheet4!F189 | H6: =Sheet4!G189 | I6: 0 | K6: 0 | L6: =Sheet4!H189
A7: 6 | B7: Mpumalanga | C7: =Sheet4!B210 | D7: 0 | E7: =Sheet4!D210 | F7: =Sheet4!E210 | G7: =Sheet4!F210 | H7: =Sheet4!G210 | I7: 0 | K7: 0 | L7: =Sheet4!H210
A8: 7 | B8: North West | C8: =Sheet4!B231 | D8: 0 | E8: =Sheet4!D231 | F8: =Sheet4!E231 | G8: =Sheet4!F231 | H8: =Sheet4!G231 | I8: 0 | K8: 0 | L8: =Sheet4!H231
A9: 8 | B9: Northern Cape | C9: =Sheet4!B253 | D9: 0 | E9: =Sheet4!D253 | F9: =Sheet4!E253 | G9: =Sheet4!F253 | H9: =Sheet4!G253 | I9: 0 | K9: 0 | L9: =Sheet4!H253
A10: 9 | B10: Western Cape | C10: =Sheet4!B288 | D10: 0 | E10: =Sheet4!D288 | F10: =Sheet4!E288 | G10: =Sheet4!F288 | H10: =Sheet4!G288 | I10: 0 | K10: 0 | L10: =Sheet4!H288
B11: TOTAL | C11: =SUM(C2:C10) | D11: =SUM(D2:D10) | E11: =SUM(E2:E10) | F11: =SUM(F2:F10) | G11: =SUM(G2:G10) | H11: =SUM(H2:H10) | I11: =SUM(I2:I10) | K11: =SUM(K2:K10) | L11: =Sheet4!H289
