Workbook

Sheet Sheet4
A1: MUNICIPALITY/ DISTRICTS | B1: NUMBER OF IEC WARDS | D1: NUMBER OF BRANCHES CONVENED | E1: NUMBER OF BRANCHES NOT CONVENED | F1: NUMBER OF BRANCHES PASSED AUDIT | G1: NUMBER OF BRANCHES FAILED AUDIT | H1: PERCENTAGE % TOWARDS BPA/BGA
A2: BUF-Duncan Village | B2: 8 | D2: =SUM(F2:G2) -> 8 | E2: =B2-D2 -> 0 | F2: 3 | G2: 5 | H2: =F2/B2 -> 0.375
A3: BUF-East London | B3: 17 | D3: 14 | E3: =B3-D3 -> 3 | F3: 16 | G3: 0 | H3: =F3/B3 -> 0.94117647
A4: BUF-King Williams Town | B4: 13 | D4: 6 | E4: =B4-D4 -> 7 | F4: 5 | G4: 3 | H4: =F4/B4 -> 0.38461538
A5: BUF-Mdantsane | B5: 12 | D5: 12 | E5: =B5-D5 -> 0 | F5: 6 | G5: 4 | H5: =F5/B5 -> 0.5
A6: TOTAL | B6: =SUM(B2:B5) -> 50 | D6: =SUM(D2:D5) -> 40 | E6: =SUM(E2:E5) -> 10 | F6: =SUM(F2:F5) -> 30 | G6: =SUM(G2:G5) -> 12 | H6: =F6/B6 -> 0.6
A7: Dr. Beyers Naude / Blue Crane Route | B7: 12 + 6 = 18 | C7: 18 | D7: 2 | E7: =C7-D7 -> 16 | F7: 1 | G7: 1 | H7: =F7/C7 -> 0.055555556
A8: Kouga / Kou-Kamma | B8: 15 + 6 = 21 | C8: 21 | D8: =SUM(F8:G8) -> 1 | E8: =C8-D8 -> 20 | F8: 1 | G8: 0 | H8: =F8/C8 -> 0.047619048
A9: Makana | B9: 14 | D9: 3 | E9: =B9-D9 -> 11 | F9: 0 | G9: 3 | H9: =F9/B9 -> 0
A10: Ndlambe | B10: 10 | D10: 3 | E10: =B10-D10 -> 7 | F10: 2 | G10: 1 | H10: =F10/B10 -> 0.2
A11: Sundays River Valley | B11: 8 | D11: 2 | E11: =B11-D11 -> 6 | F11: 0 | G11: 2 | H11: =F11/B11 -> 0
A12: TOTAL | B12: =14+10+8+18+21 -> 71 | D12: =SUM(D7:D11) -> 11 | E12: =SUM(E7:E11) -> 60 | F12: =SUM(F7:F11) -> 4 | G12: =SUM(G7:G11) -> 7 | H12: =F12/B12 -> 0.056338028
A13: Amahlathi / Great Kei | B13: 15 + 7 = 22 | C13: 22 | D13: =SUM(F13:G13) -> 4 | E13: =C13-D13 -> 18 | F13: 4 | G13: 0 | H13: =F13/C13 -> 0.18181818
A14: Mbashe | B14: 32 | D14: =SUM(F14:G14) -> 6 | E14: =B14-D14 -> 26 | F14: 1 | G14: 5 | H14: =F14/B14 -> 0.03125
A15: Mnquma | B15: 32 | D15: =SUM(F15:G15) -> 5 | E15: =B15-D15 -> 27 | F15: 2 | G15: 3 | H15: =F15/B15 -> 0.0625
A16: Ngqushwa | B16: 12 | D16: =SUM(F16:G16) -> 2 | E16: =B16-D16 -> 10 | F16: 2 | G16: 0 | H16: =F16/B16 -> 0.16666667
A17: Raymond Mhlaba | B17: 23 | D17: =SUM(F17:G17) -> 4 | E17: =B17-D17 -> 19 | F17: 3 | G17: 1 | H17: =F17/B17 -> 0.13043478
A18: TOTAL | B18: =22+32+32+12+23 -> 121 | C18: =22+32+32+12+23 -> 121 | D18: =SUM(D13:D17) -> 21 | E18: =SUM(E13:E17) -> 100 | F18: =SUM(F13:F17) -> 12 | G18: =SUM(G13:G17) -> 9 | H18: =F18/B18 -> 0.099173554
A19: Inxuba Yethemba | B19: 9 | D19: =SUM(F19:G19) -> 0 | E19: =B19-D19 -> 9 | F19: 0 | G19: 0 | H19: =F19/B19 -> 0
A20: Intsika Yethu | B20: 21 | D20: =SUM(F20:G20) -> 7 | E20: =B20-D20 -> 14 | F20: 5 | G20: 2 | H20: =F20/B20 -> 0.23809524
A21: Emalahleni | B21: 17 | D21: =SUM(F21:G21) -> 2 | E21: =B21-D21 -> 15 | F21: 1 | G21: 1 | H21: =F21/B21 -> 0.058823529
A22: Dr AB Xuma | B22: 20 | D22: 3 | E22: =B22-D22 -> 17 | F22: 3 | G22: 3 | H22: =F22/B22 -> 0.15
A23: Sakhisizwe | B23: 9 | D23: =SUM(F23:G23) -> 0 | E23: =B23-D23 -> 9 | F23: 0 | G23: 0 | H23: =F23/B23 -> 0
A24: Enoch Mgijima | B24: 34 | D24: 3 | E24: =B24-D24 -> 31 | F24: 3 | G24: 1 | H24: =F24/B24 -> 0.088235294
A25: TOTAL | B25: =SUM(B19:B24) -> 110 | D25: =SUM(D19:D24) -> 15 | E25: =SUM(E19:E24) -> 95 | F25: =SUM(F19:F24) -> 12 | G25: =SUM(G19:G24) -> 7 | H25: =F25/B25 -> 0.10909091
A26: Elundini | B26: 17 | D26: =SUM(F26:G26) -> 2 | E26: =B26-D26 -> 15 | F26: 0 | G26: 2 | H26: =F26/B26 -> 0
A27: Senqu | B27: 17 | D27: 4 | E27: =B27-D27 -> 13 | F27: 4 | G27: 0 | H27: =F27/B27 -> 0.23529412
A28: Walter Sisulu | B28: 11 | D28: 5 | E28: =B28-D28 -> 6 | F28: 3 | G28: 2 | H28: =F28/B28 -> 0.27272727
A29: TOTAL | B29: =SUM(B26:B28) -> 45 | D29: =SUM(D26:D28) -> 11 | E29: =SUM(E26:E28) -> 34 | F29: =SUM(F26:F28) -> 7 | G29: =SUM(G26:G28) -> 4 | H29: =F29/B29 -> 0.15555556
A30: Ngquza Hill | B30: 32 | D30: 7 | E30: =B30-D30 -> 25 | F30: 1 | G30: 6 | H30: =F30/B30 -> 0.03125
A31: Port St Johns | B31: 20 | D31: =SUM(F31:G31) -> 3 | E31: =B31-D31 -> 17 | F31: 1 | G31: 2 | H31: =F31/B31 -> 0.05
A32: Mhlontlo | B32: 26 | D32: 6 | E32: =B32-D32 -> 20 | F32: 3 | G32: 5 | H32: =F32/B32 -> 0.11538462
A33: King Sabata Dalindyebo | B33: 37 | D33: =SUM(F33:G33) -> 13 | E33: =B33-D33 -> 24 | F33: 6 | G33: 7 | H33: =F33/B33 -> 0.16216216
A34: Nyandeni | B34: 32 | D34: 10 | E34: =B34-D34 -> 22 | F34: 9 | G34: 8 | H34: =F34/B34 -> 0.28125
A35: TOTAL | B35: =SUM(B30:B34) -> 147 | D35: =SUM(D30:D34) -> 39 | E35: =SUM(E30:E34) -> 108 | F35: =SUM(F30:F34) -> 20 | G35: =SUM(G30:G34) -> 28 | H35: =F35/B35 -> 0.13605442
A36: Matatiele | B36: 27 | D36: 9 | E36: =B36-D36 -> 18 | F36: 2 | G36: 5 | H36: =F36/B36 -> 0.074074074
A37: Umzimvubu | B37: 28 | D37: 6 | E37: =B37-D37 -> 22 | F37: 0 | G37: 6 | H37: =F37/B37 -> 0
A38: Winnie Madikizela Mandela | B38: 32 | D38: 5 | E38: =B38-D38 -> 27 | F38: 2 | G38: 3 | H38: =F38/B38 -> 0.0625
A39: Ntabankulu | B39: 19 | D39: 5 | E39: =B39-D39 -> 14 | F39: 1 | G39: 4 | H39: =F39/B39 -> 0.052631579
A40: TOTAL | B40: =SUM(B36:B39) -> 106 | D40: =SUM(D36:D39) -> 25 | E40: =SUM(E36:E39) -> 81 | F40: =SUM(F36:F39) -> 5 | G40: =SUM(G36:G39) -> 18 | H40: =F40/B40 -> 0.047169811
A41: NMA-Alex Matikama | B41: 9 | D41: =SUM(F41:G41) -> 8 | E41: =B41-D41 -> 1 | F41: 6 | G41: 2 | H41: =F41/B41 -> 0.66666667
A42: NMA-Champion Galela | B42: 9 | D42: =SUM(F42:G42) -> 8 | E42: =B42-D42 -> 1 | F42: 3 | G42: 5 | H42: =F42/B42 -> 0.33333333
A43: NMA-Govan Mbeki | B43: 10 | D43: 7 | E43: =B43-D43 -> 3 | F43: 9 | G43: 1 | H43: =F43/B43 -> 0.9
A44: NMA-Molly Blackburn | B44: 11 | D44: =SUM(F44:G44) -> 11 | E44: =B44-D44 -> 0 | F44: 10 | G44: 1 | H44: =F44/B44 -> 0.90909091
A45: NMA-Zola Nqini | B45: 11 | D45: =SUM(F45:G45) -> 6 | E45: =B45-D45 -> 5 | F45: 5 | G45: 1 | H45: =F45/B45 -> 0.45454545
A46: NMA-Lillian Diedericks | B46: 10 | D46: =SUM(F46:G46) -> 7 | E46: =B46-D46 -> 3 | F46: 4 | G46: 3 | H46: =F46/B46 -> 0.4
A47: TOTAL | B47: =SUM(B41:B46) -> 60 | D47: =SUM(D41:D46) -> 47 | E47: =SUM(E41:E46) -> 13 | F47: =SUM(F41:F46) -> 37 | G47: =SUM(G41:G46) -> 13 | H47: =F47/B47 -> 0.61666667
A48: EASTERN CAPE | B48: =SUM(B6,B12,B18,B25,B29,B35,B40,B47) -> 710 | D48: =SUM(D6,D12,D18,D25,D29,D35,D40,D47) -> 209 | E48: =SUM(E6,E12,E18,E25,E29,E35,E40,E47) -> 501 | F48: =SUM(F6,F12,F18,F25,F29,F35,F40,F47) -> 127 | G48: =SUM(G6,G12,G18,G25,G29,G35,G40,G47) -> 98 | H48: =F48/B48 -> 0.17887324
A49: Letsemeng / Mohokare | B49: 7 + 7 = 14 | C49: 14 | D49: 8 | E49: =C49-D49 -> 6 | F49: 5 | G49: 3 | H49: =F49/C49 -> 0.35714286
A50: Kopanong | B50: 9 | D50: 3 | E50: =B50-D50 -> 6 | F50: 1 | G50: 3 | H50: =F50/B50 -> 0.11111111
A51: TOTAL | B51: =14+9 -> 23 | D51: =SUM(F51:G51) -> 12 | E51: =B51-D51 -> 11 | F51: =SUM(F49:F50) -> 6 | G51: =SUM(G49:G50) -> 6 | H51: =F51/B51 -> 0.26086957
A52: Nala | B52: 12 | D52: 6 | E52: =B52-D52 -> 6 | F52: 6 | G52: 2 | H52: =F52/B52 -> 0.5
A53: Matjhabeng | B53: 36 | D53: 17 | E53: =B53-D53 -> 19 | F53: 18 | G53: 5 | H53: =F53/B53 -> 0.5
A54: Tswelopele / Tokologo | B54: 9 + 7 = 16 | C54: 16 | D54: 4 | E54: =C54-D54 -> 12 | F54: 3 | G54: 1 | H54: =F54/C54 -> 0.1875
A55: Masilonyana | B55: 10 | D55: 7 | E55: =B55-D55 -> 3 | F55: 9 | G55: 0 | H55: =F55/B55 -> 0.9
A56: TOTAL | B56: =12+36+16+10 -> 74 | D56: =SUM(F56:G56) -> 44 | E56: =B56-D56 -> 30 | F56: =SUM(F52:F55) -> 36 | G56: =SUM(G52:G55) -> 8 | H56: =F56/B56 -> 0.48648649
A57: Mantsopa | B57: 9 | D57: =SUM(F57:G57) -> 6 | E57: =B57-D57 -> 3 | F57: 4 | G57: 2 | H57: =F57/B57 -> 0.44444444
A58: Setsoto | B58: 17 | D58: =SUM(F58:G58) -> 5 | E58: =B58-D58 -> 12 | F58: 2 | G58: 3 | H58: =F58/B58 -> 0.11764706
A59: Phumelela | B59: 8 | D59: =SUM(F59:G59) -> 7 | E59: =B59-D59 -> 1 | F59: 7 | G59: 0 | H59: 0.9
A60: Maluti-a-phofung | B60: 35 | D60: =SUM(F60:G60) -> 31 | E60: =B60-D60 -> 4 | F60: 25 | G60: 6 | H60: =F60/B60 -> 0.71428571
A61: Nketoana | B61: 9 | D61: =SUM(F61:G61) -> 7 | E61: =B61-D61 -> 2 | F61: 3 | G61: 4 | H61: =F61/B61 -> 0.33333333
A62: Dihlabeng | B62: 20 | D62: =SUM(F62:G62) -> 14 | E62: =B62-D62 -> 6 | F62: 12 | G62: 2 | H62: =F62/B62 -> 0.6
A63: TOTAL | B63: =SUM(B57:B62) -> 98 | D63: =SUM(F63:G63) -> 70 | E63: =B63-D63 -> 28 | F63: =SUM(F57:F62) -> 53 | G63: =SUM(G57:G62) -> 17 | H63: =F63/B63 -> 0.54081633
A64: Moqhaka | B64: 22 | D64: =SUM(F64:G64) -> 13 | E64: =B64-D64 -> 9 | F64: 8 | G64: 5 | H64: =F64/B64 -> 0.36363636
A65: Mafube | B65: 9 | D65: =SUM(F65:G65) -> 5 | E65: =B65-D65 -> 4 | F65: 3 | G65: 2 | H65: =F65/B65 -> 0.33333333
A66: Metsimaholo | B66: 23 | D66: =SUM(F66:G66) -> 21 | E66: =B66-D66 -> 2 | F66: 20 | G66: 1 | H66: 0.9
A67: Ngwathe | B67: 19 | D67: =SUM(F67:G67) -> 8 | E67: =B67-D67 -> 11 | F67: 6 | G67: 2 | H67: =F67/B67 -> 0.31578947
A68: TOTAL | B68: =SUM(B64:B67) -> 73 | D68: =SUM(F68:G68) -> 47 | E68: =B68-D68 -> 26 | F68: =SUM(F64:F67) -> 37 | G68: =SUM(G64:G67) -> 10 | H68: =F68/B68 -> 0.50684932
A69: MAN-Bloemfontein | B69: 32 | D69: =SUM(F69:G69) -> 22 | E69: =B69-D69 -> 10 | F69: 19 | G69: 3 | H69: =F69/B69 -> 0.59375
A70: MAN-Botshabelo / MAN-Thaba Nchu / MAN-Naledi | B70: 12+5+2 = 19 | C70: 19 | D70: =SUM(F70:G70) -> 19 | E70: =C70-D70 -> 0 | F70: 18 | G70: 1 | H70: 0.9
A71: TOTAL | B71: =32+19 -> 51 | D71: =SUM(F71:G71) -> 41 | E71: =B71-D71 -> 10 | F71: =SUM(F69:F70) -> 37 | G71: =SUM(G69:G70) -> 4 | H71: =F71/B71 -> 0.7254902
A72: FREE STATE | B72: =SUM(B51,B56,B63,B68,B71) -> 319 | D72: =SUM(D51,D56,D63,D68,D71) -> 214 | E72: =SUM(E51,E56,E63,E68,E71) -> 105 | F72: =SUM(F51,F56,F63,F68,F71) -> 169 | G72: =SUM(G51,G56,G63,G68,G71) -> 45 | H72: =F72/B72 -> 0.52978056
A73: Midvaal | B73: 15 | D73: =SUM(F73:G73) -> 9 | E73: =B73-D73 -> 6 | F73: 8 | G73: 1 | H73: =F73/B73 -> 0.53333333
A74: Emfuleni | B74: 45 | D74: =SUM(F74:G74) -> 44 | E74: =B74-D74 -> 1 | F74: 43 | G74: 1 | H74: =F74/B74 -> 0.95555556
A75: Lesedi | B75: 13 | D75: =SUM(F75:G75) -> 13 | E75: =B75-D75 -> 0 | F75: 12 | G75: 1 | H75: =F75/B75 -> 0.92307692
A76: TOTAL | B76: =SUM(B73:B75) -> 73 | D76: =SUM(F76:G76) -> 66 | E76: =B76-D76 -> 7 | F76: =SUM(F73:F75) -> 63 | G76: =SUM(G73:G75) -> 3 | H76: =F76/B76 -> 0.8630137
A77: Rand West | B77: 35 | D77: =SUM(F77:G77) -> 33 | E77: =B77-D77 -> 2 | F77: 32 | G77: 1 | H77: =F77/B77 -> 0.91428571
A78: Merafong City | B78: 28 | D78: =SUM(F78:G78) -> 28 | E78: =B78-D78 -> 0 | F78: 26 | G78: 2 | H78: =F78/B78 -> 0.92857143
A79: Mogale City | B79: 39 | D79: =SUM(F79:G79) -> 35 | E79: =B79-D79 -> 4 | F79: 32 | G79: 3 | H79: =F79/B79 -> 0.82051282
A80: TOTAL | B80: =SUM(B77:B79) -> 102 | D80: =SUM(F80:G80) -> 96 | E80: =B80-D80 -> 6 | F80: =SUM(F77:F79) -> 90 | G80: =SUM(G77:G79) -> 6 | H80: =F80/B80 -> 0.88235294
A81: EKU – Central | B81: 12 | D81: =SUM(F81:G81) -> 11 | E81: =B81-D81 -> 1 | F81: 11 | G81: 0 | H81: =F81/B81 -> 0.91666667
A82: EKU – East | B82: 19 | D82: =SUM(F82:G82) -> 17 | E82: =B82-D82 -> 2 | F82: 17 | G82: 0 | H82: 0.9
A83: EKU - Far East | B83: 21 | D83: =SUM(F83:G83) -> 20 | E83: =B83-D83 -> 1 | F83: 20 | G83: 0 | H83: =F83/B83 -> 0.95238095
A84: EKU – North | B84: 26 | D84: =SUM(F84:G84) -> 26 | E84: =B84-D84 -> 0 | F84: 24 | G84: 2 | H84: =F84/B84 -> 0.92307692
A85: EKU – South | B85: 34 | D85: =SUM(F85:G85) -> 32 | E85: =B85-D85 -> 2 | F85: 31 | G85: 1 | H85: =F85/B85 -> 0.91176471
A86: TOTAL | B86: =SUM(B81:B85) -> 112 | D86: =SUM(F86:G86) -> 106 | E86: =B86-D86 -> 6 | F86: =SUM(F81:F85) -> 103 | G86: =SUM(G81:G85) -> 3 | H86: =F86/B86 -> 0.91964286
A87: JHB – A | B87: 15 | D87: =SUM(F87:G87) -> 15 | E87: =B87-D87 -> 0 | F87: 15 | G87: 0 | H87: =F87/B87 -> 1
A88: JHB – B | B88: 12 | D88: =SUM(F88:G88) -> 12 | E88: =B88-D88 -> 0 | F88: 9 | G88: 3 | H88: =F88/B88 -> 0.75
A89: JHB – C | B89: 18 | D89: =SUM(F89:G89) -> 18 | E89: =B89-D89 -> 0 | F89: 14 | G89: 4 | H89: =F89/B89 -> 0.77777778
A90: JHB – D | B90: 38 | D90: =SUM(F90:G90) -> 38 | E90: =B90-D90 -> 0 | F90: 36 | G90: 2 | H90: =F90/B90 -> 0.94736842
A91: JHB – E | B91: 16 | D91: =SUM(F91:G91) -> 16 | E91: =B91-D91 -> 0 | F91: 15 | G91: 1 | H91: =F91/B91 -> 0.9375
A92: JHB – F | B92: 19 | D92: =SUM(F92:G92) -> 18 | E92: =B92-D92 -> 1 | F92: 16 | G92: 2 | H92: =F92/B92 -> 0.84210526
A93: JHB – G | B93: 17 | D93: =SUM(F93:G93) -> 17 | E93: =B93-D93 -> 0 | F93: 14 | G93: 3 | H93: =F93/B93 -> 0.82352941
A94: TOTAL | B94: =SUM(B87:B93) -> 135 | D94: =SUM(F94:G94) -> 134 | E94: =B94-D94 -> 1 | F94: =SUM(F87:F93) -> 119 | G94: =SUM(G87:G93) -> 15 | H94: =F94/B94 -> 0.88148148
A95: TSH – 1 | B95: 28 | D95: =SUM(F95:G95) -> 27 | E95: =B95-D95 -> 1 | F95: 26 | G95: 1 | H95: =F95/B95 -> 0.92857143
A96: TSH – 2 | B96: 12 | D96: =SUM(F96:G96) -> 12 | E96: =B96-D96 -> 0 | F96: 12 | G96: 0 | H96: =F96/B96 -> 1
A97: TSH – 3 | B97: 24 | D97: =SUM(F97:G97) -> 24 | E97: =B97-D97 -> 0 | F97: 24 | G97: 0 | H97: =F97/B97 -> 1
A98: TSH – 4 | B98: 12 | D98: =SUM(F98:G98) -> 11 | E98: =B98-D98 -> 1 | F98: 11 | G98: 0 | H98: =F98/B98 -> 0.91666667
A99: TSH - 5 / TSH – 6 | B99: 26 + 5 = 31 | C99: 31 | D99: =SUM(F99:G99) -> 28 | E99: =C99-D99 -> 3 | F99: 28 | G99: 0 | H99: =F99/C99 -> 0.90322581
A100: TOTAL | B100: =SUM(B95:B98)+31 -> 107 | D100: =SUM(F100:G100) -> 102 | E100: =B100-D100 -> 5 | F100: =SUM(F95:F99) -> 101 | G100: =SUM(G95:G99) -> 1 | H100: =F100/B100 -> 0.94392523
...

Sheet Sheet1
A1: PROVINCE | B1: NUMBER OF IEC WARDS | C1: TOTAL NUMBER OF REGISTERS ISSUED | D1: NUMBER OF BRANCHES CONVENED BPA/BGA | E1: NUMBER OF BRANCHES NOT CONVENED BPA/BGA | F1: NUMBER OF BRANCHES PASSED FINAL AUDIT TO THE 1ST SRPA | G1: NUMBER OF BRANCHES FAILED AUDIT FINAL AUDIT TO THE 1ST SRPA | H1: NUMBER OF BRANCHES CURRENTLY IN AUDIT | I1: PERCENTAGE % TOWARDS 1ST SRPA
A2: EASTERN CAPE | B2: 710 | C2: 316 | D2: 223 | E2: =Sheet4!E48:H48 -> 501 | F2: =Sheet4!F48 -> 127 | G2: =Sheet4!G48 -> 98 | H2: =D2-F2-G2 -> -2 | I2: =F2/B2 -> 0.17887324
A3: FREE STATE | B3: 319 | C3: 239 | D3: 205 | E3: =Sheet4!E72 -> 105 | F3: =Sheet4!F72 -> 169 | G3: =Sheet4!G72 -> 45 | H3: =D3-F3-G3 -> -9 | I3: =F3/B3 -> 0.52978056
A4: GAUTENG | B4: 529 | C4: 509 | D4: 502 | E4: =Sheet4!E101 -> 25 | F4: =Sheet4!F101 -> 476 | G4: =Sheet4!G101 -> 28 | H4: =D4-F4-G4 -> -2 | I4: =F4/B4 -> 0.89981096
A5: KWAZULU NATAL | B5: 901 | C5: 282 | D5: 170 | E5: =Sheet4!E160 -> 739 | F5: =Sheet4!F160 -> 79 | G5: =Sheet4!G160 -> 83 | H5: =D5-F5-G5 -> 8 | I5: =F5/B5 -> 0.087680355
A6: LIMPOPO | B6: 568 | C6: 438 | D6: 375 | E6: =Sheet4!E188 -> 189 | F6: =Sheet4!F188 -> 325 | G6: =Sheet4!G188 -> 54 | H6: =D6-F6-G6 -> -4 | I6: =F6/B6 -> 0.5721831
A7: MPUMALANGA | B7: 400 | C7: 345 | D7: 315 | E7: =Sheet4!E209 -> 76 | F7: =Sheet4!F209 -> 278 | G7: =Sheet4!G209 -> 46 | H7: =D7-F7-G7 -> -9 | I7: =F7/B7 -> 0.695
A8: NORTH WEST | B8: 403 | C8: 270 | D8: 204 | E8: =Sheet4!E230 -> 195 | F8: =Sheet4!F230 -> 175 | G8: =Sheet4!G230 -> 33 | H8: =D8-F8-G8 -> -4 | I8: =F8/B8 -> 0.43424318
A9: NORTHERN CAPE | B9: 239 | C9: 96 | D9: 75 | E9: =Sheet4!E252 -> 162 | F9: =Sheet4!F252 -> 52 | G9: =Sheet4!G252 -> 25 | H9: =D9-F9-G9 -> -2 | I9: =F9/B9 -> 0.21757322
A10: WESTERN CAPE | B10: 399 | C10: 175 | D10: 67 | E10: =Sheet4!E286 -> 326 | F10: =Sheet4!F286 -> 53 | G10: =Sheet4!G286 -> 20 | H10: =D10-F10-G10 -> -6 | I10: =F10/B10 -> 0.13283208
A11: TOTAL | B11: =SUM(B2:B10) -> 4468 | C11: =SUM(C2:C10) -> 2670 | D11: =SUM(D2:D10) -> 2136 | F11: =SUM(F2:F10) -> 1734 | G11: =SUM(G2:G10) -> 432 | H11: =SUM(H2:H10) -> -30 | I11: =F11/B11 -> 0.38809311
